,PSNR,SSIM
count,8039.0,8039.0
mean,24.5641312464536,0.8303441405073893
std,2.815815461035683,0.03644053996182944
min,13.35643482208252,0.6020376682281494
25%,23.76618480682373,0.8092271685600281
50%,24.698753356933594,0.8319372534751892
75%,26.261298179626465,0.8536231815814972
max,31.915178298950195,0.9184280037879944
