,PSNR,SSIM
count,8039.0,8039.0
mean,28.721103284797618,0.9341116904218868
std,2.4306037790002364,0.026417446834597364
min,16.64069366455078,0.6738578677177429
25%,27.463642120361328,0.9254305064678192
50%,28.521846771240234,0.9403176307678223
75%,30.170737266540527,0.9506156146526337
max,35.67341995239258,0.9770357012748718
