,PSNR,SSIM
count,8039.0,8039.0
mean,37.616642087976025,0.9588422580713775
std,6.282031481079431,0.030978975487687483
min,19.500911712646484,0.781237006187439
25%,31.64964199066162,0.9437199831008911
50%,39.19513702392578,0.9721362590789795
75%,43.80145263671875,0.9808728992938995
max,46.85002136230469,0.9918657541275024
