,PSNR,SSIM
count,8039.0,8039.0
mean,36.11368016939226,0.9442013473130529
std,5.973207778192164,0.03911249482743839
min,19.724241256713867,0.7353630661964417
25%,30.655123710632324,0.9245941340923309
50%,36.84587478637695,0.9595420360565186
75%,42.36425590515137,0.9721135199069977
max,45.398441314697266,0.9890079498291016
