,PSNR,SSIM
count,8039.0,8039.0
mean,24.653149541092535,0.8697368611460792
std,1.5851047007778751,0.028568442904133233
min,17.83704376220703,0.6971849203109741
25%,23.745018005371094,0.854204386472702
50%,24.42123794555664,0.8717625737190247
75%,25.63547134399414,0.8889741599559784
max,29.662092208862305,0.9343401789665222
