,PSNR,SSIM
count,8039.0,8039.0
mean,24.477428863350767,0.8126667897593606
std,1.9353857549359117,0.03679197135198216
min,16.965551376342773,0.5990105271339417
25%,23.171476364135742,0.7884591519832611
50%,23.91333770751953,0.8132084608078003
75%,25.657742500305176,0.836288183927536
max,31.814939498901367,0.9059070348739624
