,PSNR,SSIM
count,8039.0,8039.0
mean,36.802761064119665,0.9746025669247019
std,6.442752239827975,0.03258423208005032
min,18.391767501831055,0.7432954907417297
25%,30.81358242034912,0.9614551663398743
50%,38.543785095214844,0.9911457896232605
75%,42.298288345336914,0.9984086155891418
max,48.92059326171875,0.9990341067314148
