,PSNR,SSIM
count,8039.0,8039.0
mean,34.8890928827659,0.9693198993158868
std,5.54406905513281,0.03591415088174873
min,19.35053825378418,0.7103596925735474
25%,29.89494228363037,0.9544351994991302
50%,36.154266357421875,0.9864868521690369
75%,39.801815032958984,0.9963535368442535
max,45.00715637207031,0.9981229305267334
