,PSNR,SSIM
count,8039.0,8039.0
mean,30.81151990182276,0.9729002228511597
std,2.3916804769115503,0.02498275288447165
min,18.29763412475586,0.7963205575942993
25%,29.34403705596924,0.9599374830722809
50%,31.746734619140625,0.9847284555435181
75%,32.51395225524902,0.9908162951469421
max,33.907779693603516,0.995888352394104
